firt_name,last_name,email
humphrey,chama,humphreychama84@gmail.com
rodgers,chama,rodgers@gmail.com
sandrah,makina,sandrah@gmail.com
enoch,simfukwe,enoch@gmail.com
solomon,banda,banda@gmail.com

